CREATE DATABASE QUANLYXEMPHIM
USE QUANLYXEMPHIM


CREATE TABLE PHIM (
MAPHIM VARCHAR(10) PRIMARY KEY,
TENPHIM NVARCHAR(100) NOT NULL,
THELOAI NVARCHAR(50) NOT NULL,
THOILUONG INT
)
--THEM INSERT INTO O DAY--
INSERT INTO PHIM VALUES
('P001',N'Avengers: Endgame',N'Hành động',181),
('P002',N'Avatar 2',N'Khoa học viễn tưởng',192),
('P003',N'Conan Movie 27',N'Hoạt hình',110),
('P004',N'Lật Mặt 8',N'Hài',125),
('P005',N'Quỷ Cẩu',N'Kinh dị',105),
('P006',N'Doraemon',N'Hoạt hình',100),
('P007',N'John Wick 4',N'Hành động',169),
('P008',N'Fast X',N'Hành động',142),
('P009',N'Inside Out 2',N'Hoạt hình',98),
('P010',N'Elemental',N'Hoạt hình',102),
('P011',N'Kungfu Panda 4',N'Hoạt hình',95),
('P012',N'Your Name',N'Tình cảm',106),
('P013',N'Interstellar',N'Khoa học viễn tưởng',169),
('P014',N'Inception',N'Khoa học viễn tưởng',148),
('P015',N'Titanic',N'Tình cảm',194),
('P016',N'Parasite',N'Tâm lý',132),
('P017',N'Train To Busan',N'Kinh dị',118),
('P018',N'Minions',N'Hoạt hình',91),
('P019',N'The Batman',N'Hành động',176),
('P020',N'Spider-Man',N'Hành động',150);
SELECT * FROM PHIM;


CREATE TABLE PHONG_CHIEU (
MAPHONG VARCHAR(10) PRIMARY KEY,
TENPHONG NVARCHAR(50) NOT NULL
)
INSERT INTO PHONG_CHIEU VALUES
('PC01',N'Phòng 1'),
('PC02',N'Phòng 2'),
('PC03',N'Phòng 3'),
('PC04',N'Phòng 4'),
('PC05',N'Phòng VIP');
SELECT * FROM PHONG_CHIEU;


CREATE TABLE SUAT_CHIEU (
MASUATCHIEU VARCHAR(15) PRIMARY KEY,
MAPHIM VARCHAR(10),
FOREIGN KEY (MAPHIM) REFERENCES PHIM(MAPHIM),
MAPHONG VARCHAR(10),
FOREIGN KEY (MAPHONG) REFERENCES PHONG_CHIEU(MAPHONG),
NGAYGIOCHIEU DATETIME,
GIAVE DECIMAL(15,2),
SOGHETOIDA INT
)
INSERT INTO SUAT_CHIEU VALUES
('SC001','P001','PC01','2026-07-20 09:00',90000,100),
('SC002','P002','PC02','2026-07-20 10:00',100000,100),
('SC003','P003','PC03','2026-07-20 11:00',80000,80),
('SC004','P004','PC04','2026-07-20 13:00',90000,80),
('SC005','P005','PC05','2026-07-20 15:00',120000,50),
('SC006','P006','PC01','2026-07-21 09:00',80000,100),
('SC007','P007','PC02','2026-07-21 11:00',100000,100),
('SC008','P008','PC03','2026-07-21 13:00',100000,80),
('SC009','P009','PC04','2026-07-21 15:00',90000,80),
('SC010','P010','PC05','2026-07-21 19:00',120000,50),
('SC011','P011','PC01','2026-07-22 09:00',90000,100),
('SC012','P012','PC02','2026-07-22 11:00',100000,100),
('SC013','P013','PC03','2026-07-22 13:00',110000,80),
('SC014','P014','PC04','2026-07-22 15:00',100000,80),
('SC015','P015','PC05','2026-07-22 19:00',120000,50),
('SC016','P016','PC01','2026-07-23 09:00',90000,100),
('SC017','P017','PC02','2026-07-23 11:00',90000,100),
('SC018','P018','PC03','2026-07-23 13:00',80000,80),
('SC019','P019','PC04','2026-07-23 15:00',100000,80),
('SC020','P020','PC05','2026-07-23 19:00',120000,50);
SELECT * FROM SUAT_CHIEU;


CREATE TABLE KHACH_HANG (
MAKH VARCHAR(15) PRIMARY KEY,
HOTEN NVARCHAR(100) NOT NULL,
SDT VARCHAR(15) NOT NULL,
EMAIL VARCHAR(100) 
)
INSERT INTO KHACH_HANG VALUES
('KH001',N'Nguyễn Văn A','0901111111','a@gmail.com'),
('KH002',N'Trần Văn B','0901111112','b@gmail.com'),
('KH003',N'Lê Văn C','0901111113','c@gmail.com'),
('KH004',N'Phạm Văn D','0901111114','d@gmail.com'),
('KH005',N'Hoàng Văn E','0901111115','e@gmail.com'),
('KH006',N'Nguyễn Văn F','0901111116','f@gmail.com'),
('KH007',N'Đỗ Văn G','0901111117','g@gmail.com'),
('KH008',N'Bùi Văn H','0901111118','h@gmail.com'),
('KH009',N'Võ Văn I','0901111119','i@gmail.com'),
('KH010',N'Ngô Văn K','0901111120','k@gmail.com');
SELECT * FROM KHACH_HANG;


CREATE TABLE HOA_DON (
MAHOADON VARCHAR(20) PRIMARY KEY,
MAKH VARCHAR(15),
FOREIGN KEY (MAKH) REFERENCES KHACH_HANG(MAKH),
NGAYMUA DATETIME NOT NULL,
TONGTIEN DECIMAL(15,2) NOT NULL
)
INSERT INTO HOA_DON VALUES
('HD001','KH001','2026-07-19',90000),
('HD002','KH002','2026-07-19',100000),
('HD003','KH003','2026-07-19',80000),
('HD004','KH004','2026-07-19',90000),
('HD005','KH005','2026-07-19',120000),
('HD006','KH006','2026-07-20',90000),
('HD007','KH007','2026-07-20',100000),
('HD008','KH008','2026-07-20',80000),
('HD009','KH009','2026-07-20',90000),
('HD010','KH010','2026-07-20',120000);
SELECT * FROM HOA_DON;


CREATE TABLE VE (
MAVE VARCHAR(20) PRIMARY KEY,
MAHOADON VARCHAR(20),
FOREIGN KEY (MAHOADON) REFERENCES HOA_DON(MAHOADON),
MASUATCHIEU VARCHAR(15),
FOREIGN KEY (MASUATCHIEU) REFERENCES SUAT_CHIEU(MASUATCHIEU),
MAGHE VARCHAR(10) NOT NULL,
GIAVEMUA DECIMAL(15,2) NOT NULL
)
INSERT INTO VE VALUES
('V001','HD001','SC001','A01',90000),
('V002','HD002','SC002','A01',100000),
('V003','HD003','SC003','A01',80000),
('V004','HD004','SC004','A01',90000),
('V005','HD005','SC005','A01',120000),
('V006','HD006','SC006','A02',90000),
('V007','HD007','SC007','A02',100000),
('V008','HD008','SC008','A02',80000),
('V009','HD009','SC009','A02',90000),
('V010','HD010','SC010','A02',120000);
SELECT * FROM VE;


CREATE TRIGGER TRG_KHONG_TRUNG_GHE
ON VE
INSTEAD OF INSERT
AS
BEGIN

    IF EXISTS
    (
        SELECT * FROM VE V
        JOIN inserted I ON V.MASUATCHIEU = I.MASUATCHIEU
        AND V.MAGHE = I.MAGHE
    )
    BEGIN
        RAISERROR(N'Ghế này đã được bán trong suất chiếu.',16,1);
        RETURN;
    END

    INSERT INTO VE (MAVE, MAHOADON, MASUATCHIEU, MAGHE, GIAVEMUA)
    SELECT MAVE, MAHOADON, MASUATCHIEU, MAGHE, GIAVEMUA FROM inserted;

END;


GO
CREATE VIEW VW_LICH_CHIEU
AS
SELECT SC.MASUATCHIEU, P.TENPHIM, P.THELOAI, PC.TENPHONG, SC.NGAYGIOCHIEU, SC.GIAVE, SC.SOGHETOIDA
FROM SUAT_CHIEU AS SC
JOIN PHIM AS P ON SC.MAPHIM=P.MAPHIM
JOIN PHONG_CHIEU AS PC ON SC.MAPHONG=PC.MAPHONG;
GO


